id,first_name,last_name,email,gender,ip_address
1,Sonja,Swaden,sswaden0@unesco.org,Female,39.14.156.231
2,Ozzy,Tellenbrok,otellenbrok1@unicef.org,Male,107.174.39.69
3,Willi,Adams,wadams2@ustream.tv,Female,53.99.236.94
4,Mickey,Dmytryk,mdmytryk3@mac.com,Male,175.4.138.22
5,Julian,Tonna,jtonna4@ovh.net,Female,33.206.180.101
6,Delcina,Ferryman,dferryman5@over-blog.com,Female,67.21.177.162
7,Alaric,Jenner,ajenner6@wsj.com,Male,231.91.157.140
8,Lucretia,Flewan,lflewan7@economist.com,Female,153.71.230.66
9,Base,Wegner,bwegner8@twitter.com,Male,175.173.20.64
10,Lind,Easom,leasom9@berkeley.edu,Female,232.1.195.121
11,Whitaker,Grzegorzewicz,wgrzegorzewicza@bing.com,Male,115.125.130.89
12,Osbert,Kohtler,okohtlerb@bigcartel.com,Male,172.219.216.58
13,Ferdinand,Andrysek,fandrysekc@behance.net,Female,166.139.36.159
14,Gusty,Brecon,gbrecond@g.co,Female,184.246.221.0
15,Jeanine,Milnthorpe,jmilnthorpee@photobucket.com,Female,32.218.102.212
16,Benton,Torrejon,btorrejonf@delicious.com,Male,185.33.231.170
17,Carole,Davidy,cdavidyg@virginia.edu,Female,99.144.184.25
18,Miran,Macieiczyk,mmacieiczykh@youku.com,Female,79.248.197.33
19,Farlay,Birkby,fbirkbyi@elegantthemes.com,Male,240.122.190.21
20,Goraud,Grellis,ggrellisj@chronoengine.com,Male,162.220.177.217
21,Giffy,Micheu,gmicheuk@arizona.edu,Male,54.200.247.9
22,Desirae,Paule,dpaulel@flavors.me,Female,38.176.237.162
23,Ezekiel,Boards,eboardsm@imageshack.us,Male,251.50.253.47
24,Tymon,Albon,talbonn@pcworld.com,Male,159.15.187.33
25,Cindelyn,Gyford,cgyfordo@weather.com,Female,157.192.97.126
26,Madelaine,Browse,mbrowsep@networkadvertising.org,Female,253.181.236.52
27,Dionis,Bartolini,dbartoliniq@nifty.com,Female,239.24.234.205
28,Gianina,Perri,gperrir@unc.edu,Female,182.218.12.20
29,Abram,Earry,aearrys@pen.io,Male,251.162.68.226
30,Nalani,Hazleton,nhazletont@weibo.com,Female,212.169.79.157
31,Maible,Dinwoodie,mdinwoodieu@opera.com,Female,111.18.200.159
32,Dee,Guille,dguillev@rakuten.co.jp,Agender,128.222.182.75
33,Nickie,Redler,nredlerw@360.cn,Male,65.105.73.45
34,Fidel,Kenwyn,fkenwynx@va.gov,Male,241.240.70.198
35,Matthiew,Willment,mwillmenty@go.com,Male,196.171.225.35
36,Kris,Stowers,kstowersz@archive.org,Female,111.52.245.222
37,Teena,Bruck,tbruck10@merriam-webster.com,Female,17.132.221.85
38,Virgie,Trowl,vtrowl11@live.com,Female,64.87.228.255
39,Georgie,Mulcahy,gmulcahy12@senate.gov,Male,140.27.211.227
40,Rriocard,Bereford,rbereford13@networksolutions.com,Male,237.111.217.113
41,Jo-ann,Cicchinelli,jcicchinelli14@blogger.com,Non-binary,175.251.100.44
42,Tristan,Stone Fewings,tstonefewings15@blog.com,Male,4.90.49.117
43,Olive,Rembaud,orembaud16@ft.com,Agender,145.47.223.39
44,Nyssa,Jillins,njillins17@ca.gov,Female,68.4.111.175
45,Marve,Daunay,mdaunay18@google.com,Male,208.68.180.94
46,Harmonie,Nolda,hnolda19@forbes.com,Female,237.51.198.74
47,Ewart,Mosdall,emosdall1a@miitbeian.gov.cn,Male,59.245.20.27
48,Johan,Godridge,jgodridge1b@dropbox.com,Male,8.196.98.0
49,Katherina,Lummus,klummus1c@europa.eu,Female,25.129.206.86
50,Lizabeth,Doolan,ldoolan1d@clickbank.net,Female,53.172.208.57
51,Marlee,Littledike,mlittledike1e@techcrunch.com,Female,202.187.126.164
52,Chauncey,Le Prevost,cleprevost1f@cafepress.com,Non-binary,176.95.88.21
53,Rory,Fursland,rfursland1g@dyndns.org,Female,78.73.171.34
54,Darcey,Noor,dnoor1h@biblegateway.com,Female,177.249.69.81
55,Ky,Malacrida,kmalacrida1i@github.com,Male,151.223.85.194
56,Cirstoforo,Taill,ctaill1j@de.vu,Male,111.92.86.70
57,Baldwin,Lethebridge,blethebridge1k@networkadvertising.org,Male,158.159.22.55
58,Cairistiona,Elnor,celnor1l@bbc.co.uk,Female,111.94.51.68
59,Talya,Poizer,tpoizer1m@nbcnews.com,Female,190.241.63.30
60,Karlene,MacCumeskey,kmaccumeskey1n@google.nl,Female,14.163.200.184
61,Ardisj,Bramer,abramer1o@friendfeed.com,Female,107.73.95.129
62,Eloise,Hyslop,ehyslop1p@whitehouse.gov,Female,245.186.4.78
63,Callida,Sneyd,csneyd1q@xing.com,Female,115.125.1.255
64,Arron,Lambeth,alambeth1r@sogou.com,Male,76.240.181.84
65,Ray,Bernini,rbernini1s@wordpress.org,Female,235.6.119.233
66,Elvis,Faccini,efaccini1t@yahoo.com,Male,154.15.101.142
67,Libbi,McKerron,lmckerron1u@mit.edu,Female,81.65.80.123
68,Ettore,Whittenbury,ewhittenbury1v@google.pl,Male,119.103.164.167
69,Pernell,Adan,padan1w@linkedin.com,Male,43.133.81.145
70,Terri-jo,Fosserd,tfosserd1x@about.com,Female,206.240.16.226
71,Jesselyn,Tokley,jtokley1y@telegraph.co.uk,Female,68.249.126.230
72,Abdel,Pimmocke,apimmocke1z@java.com,Male,215.26.153.191
73,Queenie,Remington,qremington20@e-recht24.de,Female,197.144.135.68
74,Lombard,Crumpe,lcrumpe21@is.gd,Male,0.102.222.163
75,Minta,Kilgannon,mkilgannon22@angelfire.com,Female,247.71.12.152
76,Meier,Milbourn,mmilbourn23@accuweather.com,Male,208.149.213.174
77,Seymour,Abercrombie,sabercrombie24@smh.com.au,Male,167.141.37.124
78,Germaine,Brimming,gbrimming25@kickstarter.com,Male,253.157.165.31
79,Jenifer,Littlewood,jlittlewood26@eventbrite.com,Female,214.220.89.230
80,Hi,Lanning,hlanning27@answers.com,Male,184.194.76.34
81,Hermann,Marrett,hmarrett28@cmu.edu,Male,137.216.126.112
82,Jake,Etchingham,jetchingham29@cnbc.com,Male,166.254.116.165
83,Trescha,Syddie,tsyddie2a@wisc.edu,Female,204.217.39.253
84,Reuben,Wickerson,rwickerson2b@e-recht24.de,Male,200.186.4.57
85,Herbert,McCuaig,hmccuaig2c@amazon.co.uk,Male,122.198.32.228
86,Merrill,Hungerford,mhungerford2d@ted.com,Female,212.80.45.91
87,Ermentrude,Blose,eblose2e@soup.io,Female,126.249.157.126
88,Brooks,Van Schafflaer,bvanschafflaer2f@techcrunch.com,Male,11.57.72.218
89,Stormie,Jagielski,sjagielski2g@xrea.com,Female,200.36.3.78
90,Cathi,Probyn,cprobyn2h@mozilla.org,Female,241.203.206.25
91,Reinald,Ginner,rginner2i@cyberchimps.com,Female,43.40.8.141
92,Lara,Hartrick,lhartrick2j@ca.gov,Female,68.179.36.230
93,Stephi,McSporon,smcsporon2k@imdb.com,Female,58.137.244.120
94,Monika,Spikeings,mspikeings2l@geocities.com,Female,197.93.86.24
95,Collin,Huckerbe,chuckerbe2m@smugmug.com,Male,102.180.144.224
96,Brit,McGill,bmcgill2n@irs.gov,Female,178.90.57.23
97,Verge,Stretton,vstretton2o@yellowbook.com,Male,240.244.236.42
98,Candice,Simonot,csimonot2p@histats.com,Female,244.182.214.3
99,Daphene,Speachley,dspeachley2q@purevolume.com,Female,165.41.107.238
100,Mariana,Sames,msames2r@spotify.com,Female,85.185.22.104
101,Edgardo,Aneley,eaneley2s@booking.com,Male,63.173.27.187
102,Josephine,Roskams,jroskams2t@hud.gov,Female,91.205.114.100
103,Ring,Frensche,rfrensche2u@symantec.com,Male,220.149.148.138
104,Ag,Woodbridge,awoodbridge2v@elpais.com,Female,168.191.40.194
105,Lewie,Chalcroft,lchalcroft2w@nps.gov,Male,107.80.102.119
106,Dora,Joost,djoost2x@microsoft.com,Female,39.212.25.30
107,Dale,Kirtland,dkirtland2y@over-blog.com,Male,147.68.20.252
108,Mirelle,Grisewood,mgrisewood2z@nsw.gov.au,Female,40.73.240.131
109,Meta,Blaisdale,mblaisdale30@google.ru,Female,206.130.232.75
110,Reinhard,Saint,rsaint31@edublogs.org,Male,46.230.76.166
111,Meagan,Axcell,maxcell32@google.nl,Female,187.100.162.127
112,Kingsley,Fandrich,kfandrich33@vimeo.com,Male,129.199.131.157
113,Nate,Trice,ntrice34@jiathis.com,Male,165.195.239.64
114,Derk,Peak,dpeak35@istockphoto.com,Male,233.34.214.181
115,Anastasie,Korpal,akorpal36@weather.com,Male,142.39.171.211
116,Ibbie,Falkner,ifalkner37@biglobe.ne.jp,Female,210.169.63.128
117,Gunter,Hawney,ghawney38@msn.com,Male,141.172.88.184
118,Baxter,Duckitt,bduckitt39@dailymail.co.uk,Male,101.108.112.192
119,Laurianne,Emblem,lemblem3a@marketwatch.com,Female,63.37.1.233
120,Adam,Sharp,asharp3b@rambler.ru,Male,159.117.236.91
121,Tristan,Meneur,tmeneur3c@goo.ne.jp,Male,143.105.91.63
122,Raeann,Ateggart,rateggart3d@dell.com,Female,76.236.68.37
123,Linnet,Rubra,lrubra3e@reddit.com,Female,6.224.10.195
124,Essy,Diddams,ediddams3f@bravesites.com,Female,199.185.7.105
125,Temp,Bance,tbance3g@odnoklassniki.ru,Male,164.127.57.122
126,Edvard,Bonett,ebonett3h@indiegogo.com,Male,45.117.211.82
127,Eugine,Echallie,eechallie3i@globo.com,Female,6.126.207.47
128,Hilary,Beach,hbeach3j@imageshack.us,Female,84.79.149.121
129,Kelci,Crayk,kcrayk3k@angelfire.com,Female,185.14.123.120
130,Gaspar,Piercey,gpiercey3l@sphinn.com,Male,58.54.161.159
131,Minnie,Stoggles,mstoggles3m@omniture.com,Female,124.187.76.17
132,Dex,Dorre,ddorre3n@census.gov,Male,162.134.211.183
133,Tawsha,Swanton,tswanton3o@bravesites.com,Female,0.246.223.199
134,Robin,Trevna,rtrevna3p@hexun.com,Female,15.214.146.237
135,Kynthia,Well,kwell3q@state.tx.us,Female,174.98.165.200
136,Farica,Boughen,fboughen3r@a8.net,Female,248.159.189.84
137,Dosi,Runge,drunge3s@apple.com,Female,48.221.60.226
138,Gladys,McCahey,gmccahey3t@hugedomains.com,Female,206.171.96.32
139,Grady,Minghella,gminghella3u@wikipedia.org,Male,186.90.153.181
140,Kathie,Willetts,kwilletts3v@toplist.cz,Female,38.119.87.162
141,Harlan,Joannet,hjoannet3w@bbc.co.uk,Male,241.88.187.23
142,Kikelia,Rush,krush3x@sciencedirect.com,Female,227.228.95.148
143,Marlon,Minillo,mminillo3y@ed.gov,Male,88.235.205.22
144,Heywood,Argyle,hargyle3z@purevolume.com,Male,11.91.195.134
145,Kattie,Longthorne,klongthorne40@businessinsider.com,Female,71.155.134.132
146,Bobbye,Camel,bcamel41@dmoz.org,Female,39.193.58.19
147,Kai,Kernes,kkernes42@exblog.jp,Female,215.143.20.132
148,Richie,Burnip,rburnip43@ovh.net,Male,71.156.159.117
149,Dillie,Brader,dbrader44@newyorker.com,Male,192.213.68.200
150,Jessamyn,Jordine,jjordine45@sciencedaily.com,Female,22.111.121.248
151,Rudie,O' Bee,robee46@gnu.org,Male,213.57.79.52
152,Devon,Hawkeridge,dhawkeridge47@mediafire.com,Female,11.21.121.115
153,Dottie,Sollner,dsollner48@nbcnews.com,Female,46.181.68.73
154,Michaela,Robins,mrobins49@opera.com,Female,32.178.147.25
155,Emeline,Sallenger,esallenger4a@reverbnation.com,Female,147.142.204.200
156,Adore,Kull,akull4b@nbcnews.com,Agender,125.166.143.103
157,Ephraim,Tolworthy,etolworthy4c@eepurl.com,Male,177.100.230.249
158,Pinchas,Scuse,pscuse4d@w3.org,Male,219.74.166.210
159,Cristionna,Anchor,canchor4e@odnoklassniki.ru,Female,206.100.180.157
160,Missy,Bielby,mbielby4f@sfgate.com,Female,156.195.61.40
161,Gill,Oglesbee,goglesbee4g@amazon.com,Male,103.36.138.81
162,Fredi,Farney,ffarney4h@time.com,Female,76.53.152.151
163,Atlante,Klarzynski,aklarzynski4i@miitbeian.gov.cn,Female,199.194.219.155
164,Hank,Klesel,hklesel4j@comcast.net,Male,129.214.204.190
165,Levin,Shear,lshear4k@imageshack.us,Male,90.17.59.204
166,Alvina,Slocumb,aslocumb4l@sohu.com,Female,67.69.54.199
167,Traver,Lacrouts,tlacrouts4m@gov.uk,Male,233.243.135.187
168,Vicky,McBrearty,vmcbrearty4n@technorati.com,Female,230.158.255.85
169,Shannon,Capponer,scapponer4o@hhs.gov,Female,170.9.97.255
170,Fee,MacCart,fmaccart4p@java.com,Male,114.141.41.230
171,Gisele,Brewitt,gbrewitt4q@shinystat.com,Female,184.164.77.99
172,Barbi,Danielis,bdanielis4r@sciencedaily.com,Female,124.109.153.168
173,Bancroft,Raynard,braynard4s@cloudflare.com,Male,30.8.224.148
174,Allys,Andrew,aandrew4t@who.int,Female,44.223.229.178
175,Alia,Trewin,atrewin4u@newyorker.com,Female,132.141.21.201
176,Ariella,Mandel,amandel4v@trellian.com,Female,168.231.3.138
177,Rhiamon,Keling,rkeling4w@whitehouse.gov,Female,37.33.127.55
178,Charity,Pristnor,cpristnor4x@ask.com,Female,27.93.36.110
179,Fredric,Terbeek,fterbeek4y@etsy.com,Male,172.162.154.150
180,Indira,Ancliff,iancliff4z@senate.gov,Female,167.106.237.222
181,Dennis,Poter,dpoter50@creativecommons.org,Male,82.210.92.54
182,Abbie,Blythin,ablythin51@addtoany.com,Male,203.88.125.74
183,Giovanni,Whereat,gwhereat52@chronoengine.com,Male,25.219.79.219
184,Flint,Skylett,fskylett53@oracle.com,Female,229.32.34.0
185,Stern,Yantsev,syantsev54@cargocollective.com,Male,231.6.131.249
186,Gabby,Rittmeyer,grittmeyer55@dailymail.co.uk,Male,114.161.72.83
187,Kalli,Hames,khames56@ucsd.edu,Female,113.213.252.17
188,Antonietta,Lamplugh,alamplugh57@amazon.co.jp,Female,219.239.174.106
189,Val,MacFadzean,vmacfadzean58@pen.io,Female,93.57.231.36
190,Arleyne,Bridgewater,abridgewater59@usnews.com,Female,16.200.155.45
191,Reba,Sampey,rsampey5a@unicef.org,Female,155.172.43.137
192,Amble,MacAulay,amacaulay5b@a8.net,Male,94.34.99.89
193,Kellina,Hubbard,khubbard5c@godaddy.com,Female,153.217.170.19
194,Wally,Joselson,wjoselson5d@umich.edu,Male,196.142.77.131
195,Jessa,Corryer,jcorryer5e@cnet.com,Male,231.50.113.244
196,Tommy,Crathern,tcrathern5f@sfgate.com,Male,182.173.195.10
197,Sylvia,Berney,sberney5g@wikispaces.com,Female,168.245.17.8
198,Currey,Tzuker,ctzuker5h@icq.com,Male,33.181.84.243
199,Maxine,Brideau,mbrideau5i@blogspot.com,Female,196.236.95.63
200,Cathi,MacShane,cmacshane5j@cyberchimps.com,Male,108.243.200.213
201,Nataniel,Older,nolder5k@fc2.com,Male,128.83.91.100
202,Rafaela,Cordeix,rcordeix5l@weebly.com,Female,227.22.40.137
203,Sheena,Tattersall,stattersall5m@imgur.com,Female,122.197.163.137
204,Lorianna,Besse,lbesse5n@si.edu,Female,195.37.227.196
205,Trish,Rowcliffe,trowcliffe5o@dropbox.com,Female,212.162.202.117
206,Phaidra,Westoff,pwestoff5p@cafepress.com,Female,123.188.197.200
207,Sarette,Gamett,sgamett5q@google.com.au,Female,61.197.110.231
208,Mella,Cobbe,mcobbe5r@uol.com.br,Female,190.41.255.65
209,Jabez,Wager,jwager5s@ycombinator.com,Male,22.56.200.104
210,Aubert,Dunstone,adunstone5t@weebly.com,Male,38.164.87.216
211,Bink,Sainsbury,bsainsbury5u@hao123.com,Male,122.170.172.227
212,Laurent,Kubin,lkubin5v@irs.gov,Male,222.158.183.96
213,Barrie,Huggin,bhuggin5w@va.gov,Female,214.71.99.28
214,Bibbie,Colwell,bcolwell5x@biglobe.ne.jp,Female,66.48.246.230
215,Orson,Gersam,ogersam5y@nytimes.com,Male,123.21.212.203
216,Alfy,Druhan,adruhan5z@arizona.edu,Male,28.59.185.72
217,Lucie,Ebdon,lebdon60@arizona.edu,Female,17.107.5.244
218,Alethea,Lyst,alyst61@google.com.hk,Female,21.147.221.83
219,Dion,Polino,dpolino62@photobucket.com,Male,211.138.212.171
220,Wylie,Rishbrook,wrishbrook63@mozilla.org,Male,82.101.220.228
221,Gaven,Brittin,gbrittin64@shop-pro.jp,Agender,149.46.39.238
222,Gail,Connechy,gconnechy65@senate.gov,Female,154.237.215.228
223,Sharona,Dmiterko,sdmiterko66@deliciousdays.com,Female,113.19.117.76
224,Phaedra,Corkell,pcorkell67@va.gov,Female,214.199.35.31
225,Annelise,McCraine,amccraine68@comcast.net,Female,135.8.93.211
226,Harmonia,Stanlick,hstanlick69@w3.org,Female,222.51.54.182
227,Lilith,Bumford,lbumford6a@nasa.gov,Female,242.59.1.241
228,Marie-ann,Martensen,mmartensen6b@epa.gov,Female,93.4.64.180
229,Ruthanne,Sirr,rsirr6c@sogou.com,Female,17.248.230.43
230,Verena,Benfield,vbenfield6d@pinterest.com,Female,196.189.167.32
231,Kathy,Beaver,kbeaver6e@virginia.edu,Female,158.216.219.220
232,Nancey,Hughlock,nhughlock6f@example.com,Female,79.226.222.232
233,Adelaida,Peschet,apeschet6g@ucla.edu,Female,168.50.45.10
234,Delia,Southernwood,dsouthernwood6h@ucla.edu,Female,216.148.54.176
235,Amandi,Shrieves,ashrieves6i@joomla.org,Female,179.133.213.209
236,Dorry,Woollons,dwoollons6j@i2i.jp,Female,51.120.112.153
237,Liv,Whitelaw,lwhitelaw6k@intel.com,Female,209.80.36.27
238,Ange,Swine,aswine6l@nasa.gov,Female,178.78.157.181
239,Delinda,Maffy,dmaffy6m@wix.com,Female,179.251.197.10
240,Heather,Sweating,hsweating6n@sohu.com,Female,153.52.231.71
241,Chicky,McKniely,cmckniely6o@liveinternet.ru,Female,237.120.43.66
242,Armando,Hoble,ahoble6p@redcross.org,Male,19.193.54.27
243,Lind,Torrecilla,ltorrecilla6q@walmart.com,Male,27.86.47.35
244,Laurie,Trower,ltrower6r@psu.edu,Male,200.210.100.244
245,Jason,Clew,jclew6s@addtoany.com,Non-binary,7.101.2.105
246,Ky,Hannen,khannen6t@gnu.org,Male,142.97.107.192
247,Wood,Gyer,wgyer6u@wordpress.org,Male,30.101.220.24
248,Cooper,Silman,csilman6v@theguardian.com,Male,234.95.13.123
249,Gunter,Birrell,gbirrell6w@sfgate.com,Male,54.2.230.198
250,Beatriz,Restall,brestall6x@vkontakte.ru,Female,26.109.183.177
251,Shirl,Dolman,sdolman6y@thetimes.co.uk,Female,27.181.201.213
252,Bathsheba,Hamsher,bhamsher6z@fema.gov,Female,44.26.26.57
253,Sapphire,Blaksley,sblaksley70@jalbum.net,Female,98.3.141.27
254,Jarrad,Beardshaw,jbeardshaw71@sakura.ne.jp,Male,31.231.233.121
255,Heath,Biaggelli,hbiaggelli72@live.com,Male,255.192.70.59
256,Masha,Lydall,mlydall73@huffingtonpost.com,Female,223.112.133.229
257,Gav,O'Cahsedy,gocahsedy74@imdb.com,Male,212.87.48.182
258,Walsh,Essel,wessel75@bizjournals.com,Male,237.246.224.90
259,Aida,Singyard,asingyard76@google.co.jp,Female,48.178.4.60
260,Fanni,Dun,fdun77@noaa.gov,Female,83.128.84.8
261,Rakel,Schanke,rschanke78@aol.com,Female,253.26.232.7
262,Aylmer,Jansky,ajansky79@fotki.com,Male,38.109.139.240
263,Conroy,Duggleby,cduggleby7a@t-online.de,Male,92.109.120.72
264,Garald,Cater,gcater7b@moonfruit.com,Female,110.208.95.191
265,Ky,Fenton,kfenton7c@chron.com,Male,162.88.176.238
266,Cob,Malimoe,cmalimoe7d@time.com,Male,186.253.114.127
267,Ainslee,Keener,akeener7e@mail.ru,Female,71.175.144.155
268,Rhoda,Messier,rmessier7f@home.pl,Female,101.8.71.118
269,Mariette,Grady,mgrady7g@yelp.com,Female,114.212.62.142
270,Jamesy,Cruttenden,jcruttenden7h@ehow.com,Male,147.6.42.236
271,Karel,Lighton,klighton7i@apple.com,Male,19.224.177.86
272,Madelene,Salman,msalman7j@theatlantic.com,Female,130.234.223.214
273,Deina,Rignoldes,drignoldes7k@harvard.edu,Female,4.99.31.220
274,Mayor,Werner,mwerner7l@mit.edu,Male,40.134.180.66
275,Konstantine,Reicharz,kreicharz7m@netvibes.com,Male,75.169.205.127
276,Ringo,Seals,rseals7n@imgur.com,Male,114.30.31.227
277,Binnie,Dumphry,bdumphry7o@ning.com,Female,187.23.98.154
278,Judas,Perche,jperche7p@t-online.de,Male,51.26.90.10
279,Bryn,Kivelle,bkivelle7q@geocities.com,Male,222.212.213.150
280,Tudor,Readwin,treadwin7r@wunderground.com,Male,80.34.109.90
281,Berty,Zanutti,bzanutti7s@amazon.de,Male,119.69.129.134
282,Janela,Martinez,jmartinez7t@ehow.com,Non-binary,22.109.215.183
283,Alix,Bassindale,abassindale7u@qq.com,Male,12.51.42.129
284,Templeton,Hearley,thearley7v@ask.com,Male,162.208.22.213
285,Quintin,Tite,qtite7w@youku.com,Male,96.62.138.62
286,Jemimah,Tatters,jtatters7x@wsj.com,Male,239.118.48.201
287,Alfi,Moult,amoult7y@taobao.com,Female,185.128.45.7
288,Chrissy,Shoesmith,cshoesmith7z@dailymail.co.uk,Non-binary,89.68.236.109
289,Virginia,Pilley,vpilley80@bigcartel.com,Female,219.7.7.203
290,Barr,Gibb,bgibb81@vkontakte.ru,Male,14.57.185.239
291,Corinna,Curragh,ccurragh82@fema.gov,Female,106.100.226.110
292,Cherianne,Donnison,cdonnison83@miibeian.gov.cn,Female,96.161.122.85
293,Adrianne,Lendrem,alendrem84@ihg.com,Female,78.166.13.194
294,Stanley,Shawcroft,sshawcroft85@blinklist.com,Male,110.244.109.209
295,Susi,Baughan,sbaughan86@xing.com,Female,78.109.94.191
296,Kippy,Rosenfelt,krosenfelt87@zdnet.com,Female,250.131.121.203
297,Katy,Blaksland,kblaksland88@redcross.org,Female,185.130.254.0
298,Norbie,Gokes,ngokes89@nature.com,Male,148.64.199.200
299,Rurik,Dole,rdole8a@prlog.org,Male,120.166.1.105
300,Biddie,Learie,blearie8b@wufoo.com,Male,56.246.206.61
301,Carroll,Solomon,csolomon8c@geocities.jp,Male,3.252.1.40
302,Felice,Cottem,fcottem8d@reverbnation.com,Male,10.144.85.55
303,Emilie,Frye,efrye8e@yahoo.co.jp,Female,196.102.60.30
304,Rafa,Odhams,rodhams8f@deliciousdays.com,Female,137.0.193.134
305,Hetty,Grierson,hgrierson8g@mapquest.com,Female,141.115.163.210
306,Alvie,Housiaux,ahousiaux8h@prweb.com,Male,184.145.50.76
307,Lib,Carbine,lcarbine8i@google.com.hk,Female,218.27.217.85
308,Grantley,Chittock,gchittock8j@rambler.ru,Male,110.2.142.29
309,Kelley,Weitzel,kweitzel8k@constantcontact.com,Male,239.132.164.183
310,Roselle,Coyte,rcoyte8l@arizona.edu,Female,204.69.168.36
311,Alard,Swateridge,aswateridge8m@github.io,Male,108.161.217.185
312,Flossi,Gauntley,fgauntley8n@youku.com,Female,21.117.190.98
313,Lowrance,O'Tierney,lotierney8o@nps.gov,Male,111.155.150.216
314,Tiffie,Weatherall,tweatherall8p@live.com,Female,161.148.207.22
315,Charil,felip,cfelip8q@newyorker.com,Female,121.209.221.154
316,Cicely,Lynagh,clynagh8r@trellian.com,Female,123.95.195.253
317,Wilone,Richmond,wrichmond8s@tripod.com,Male,226.32.156.173
318,Orson,Lambertini,olambertini8t@epa.gov,Male,31.112.148.9
319,Osbourne,Gorden,ogorden8u@amazon.co.uk,Male,53.51.163.230
320,Fleming,Magwood,fmagwood8v@bloglines.com,Male,10.195.179.231
321,Charla,Stollhofer,cstollhofer8w@washington.edu,Female,244.237.92.56
322,Amii,Gasking,agasking8x@moonfruit.com,Female,192.150.170.125
323,Kiele,Elvidge,kelvidge8y@utexas.edu,Female,164.239.190.45
324,Salomo,Setterington,ssetterington8z@free.fr,Male,184.138.138.142
325,Kyrstin,Faber,kfaber90@ifeng.com,Female,89.59.45.184
326,Maddie,L'Episcopi,mlepiscopi91@imdb.com,Female,218.37.252.255
327,Richard,Chivers,rchivers92@squidoo.com,Male,232.68.209.250
328,Verene,Filipychev,vfilipychev93@bloglines.com,Female,56.215.111.115
329,Catherina,Pau,cpau94@sciencedaily.com,Female,40.34.250.238
330,Tabb,Braunter,tbraunter95@quantcast.com,Male,158.183.118.30
331,Enrico,Weinberg,eweinberg96@amazonaws.com,Non-binary,187.116.42.219
332,Hubey,Dunn,hdunn97@comsenz.com,Male,139.24.229.58
333,Horatio,Paoli,hpaoli98@unesco.org,Male,6.188.81.254
334,Delainey,Jerzak,djerzak99@ezinearticles.com,Male,45.197.171.227
335,Vincents,Bentzen,vbentzen9a@blog.com,Male,55.14.167.206
336,Mason,Lintall,mlintall9b@networksolutions.com,Male,60.134.230.0
337,Modestine,Wallwood,mwallwood9c@usgs.gov,Female,134.239.109.152
338,Honoria,Gayne,hgayne9d@ucsd.edu,Female,49.130.81.173
339,Elisabet,Scandrick,escandrick9e@goo.gl,Female,217.31.25.109
340,Elyn,Houlson,ehoulson9f@pcworld.com,Female,128.108.154.121
341,Wilbert,Sargint,wsargint9g@uiuc.edu,Male,8.195.246.41
342,Mariya,Kimbrough,mkimbrough9h@slate.com,Female,119.47.228.183
343,Brinn,Paolone,bpaolone9i@instagram.com,Female,120.109.23.91
344,Wendy,Pristnor,wpristnor9j@yandex.ru,Female,197.72.78.142
345,Phyllys,Quantick,pquantick9k@phoca.cz,Female,63.150.201.216
346,Blakeley,Kupke,bkupke9l@pcworld.com,Female,81.245.7.3
347,Sully,Hunnisett,shunnisett9m@ucla.edu,Male,6.115.70.99
348,Rainer,Hollow,rhollow9n@hibu.com,Male,116.108.44.121
349,Amandie,Levesley,alevesley9o@sun.com,Female,247.101.144.180
350,Gabie,Timmins,gtimmins9p@dailymotion.com,Male,171.1.146.100
351,Lyndel,Bertolin,lbertolin9q@nymag.com,Female,108.25.103.170
352,Bobine,Assante,bassante9r@umich.edu,Female,247.129.99.158
353,Rolland,Ragbourn,rragbourn9s@gnu.org,Male,185.28.31.24
354,Arabelle,Vannacci,avannacci9t@github.io,Female,192.247.14.129
355,Erny,Byrne,ebyrne9u@mapy.cz,Male,71.47.120.1
356,Prissie,Lower,plower9v@berkeley.edu,Female,196.205.76.42
357,Bertie,Aysik,baysik9w@whitehouse.gov,Female,98.140.69.110
358,Corie,Dallin,cdallin9x@theguardian.com,Non-binary,44.26.54.152
359,Rebeka,Wahner,rwahner9y@wp.com,Female,243.170.190.99
360,Cassi,Marcham,cmarcham9z@gmpg.org,Female,146.209.97.25
361,Willy,Hooke,whookea0@squarespace.com,Male,217.9.57.49
362,Danielle,Reburn,dreburna1@linkedin.com,Female,212.129.26.79
363,Christoforo,Treweela,ctreweelaa2@wp.com,Male,180.150.249.246
364,Cass,Yesenev,cyeseneva3@europa.eu,Male,184.28.129.189
365,Demetra,Tamsett,dtamsetta4@apache.org,Female,12.117.212.157
366,Kelley,Tupling,ktuplinga5@yale.edu,Male,125.164.128.199
367,Cirillo,Annable,cannablea6@artisteer.com,Male,90.7.206.95
368,Rey,Waugh,rwaugha7@histats.com,Female,203.215.5.224
369,Binky,Fryers,bfryersa8@photobucket.com,Male,131.81.177.35
370,Ezmeralda,Sharples,esharplesa9@sciencedirect.com,Female,149.170.21.34
371,Harper,Beardsell,hbeardsellaa@ehow.com,Non-binary,84.155.209.3
372,Hilary,Hartridge,hhartridgeab@comsenz.com,Male,234.29.5.87
373,Ilaire,Gartery,igarteryac@blogs.com,Male,111.205.28.163
374,Yuma,Cardnell,ycardnellad@jalbum.net,Male,47.126.156.108
375,Jelene,Langsbury,jlangsburyae@amazonaws.com,Female,206.205.70.40
376,Bab,Cranch,bcranchaf@unblog.fr,Female,218.138.16.73
377,Shep,Pittock,spittockag@github.io,Male,69.255.98.128
378,Sherlocke,Cescoti,scescotiah@princeton.edu,Male,32.63.106.18
379,Tessi,Hodjetts,thodjettsai@chron.com,Female,91.133.202.118
380,Bar,Jaxon,bjaxonaj@ebay.com,Male,238.170.255.74
381,Hansiain,Father,hfatherak@eventbrite.com,Male,187.159.186.53
382,Laura,Cockerham,lcockerhamal@ocn.ne.jp,Female,107.112.210.72
383,Clemmy,Guiso,cguisoam@exblog.jp,Male,103.220.117.252
384,Elwood,Boots,ebootsan@soup.io,Male,8.160.110.64
385,Trenton,Elson,telsonao@boston.com,Male,13.239.76.132
386,Rutter,Joynt,rjoyntap@microsoft.com,Male,229.181.154.20
387,Brnaby,Kernes,bkernesaq@dagondesign.com,Male,57.230.93.191
388,Suellen,MacConnulty,smacconnultyar@nifty.com,Agender,36.48.0.27
389,Katerina,Marcome,kmarcomeas@linkedin.com,Female,204.28.228.36
390,Ailsun,Mariotte,amariotteat@about.com,Female,32.127.243.153
391,Cordi,Shatliffe,cshatliffeau@washington.edu,Female,232.194.240.192
392,Micah,Lashmar,mlashmarav@skype.com,Male,48.107.110.148
393,Benjamin,Woodhams,bwoodhamsaw@ted.com,Male,112.202.251.126
394,Minda,Coalburn,mcoalburnax@quantcast.com,Female,58.177.118.173
395,Malynda,Bolingbroke,mbolingbrokeay@ucla.edu,Female,151.134.147.174
396,Phaedra,Ortas,portasaz@salon.com,Female,250.110.249.219
397,Gardie,Humpatch,ghumpatchb0@tripadvisor.com,Male,186.26.29.217
398,Nevsa,Danelutti,ndaneluttib1@posterous.com,Female,5.198.100.205
399,Nicki,Thurgood,nthurgoodb2@hibu.com,Female,77.130.146.220
400,Malory,Spatig,mspatigb3@opera.com,Female,8.34.230.179
401,Merline,Jest,mjestb4@state.gov,Female,75.213.96.204
402,Chloris,Milhench,cmilhenchb5@ezinearticles.com,Female,17.172.149.146
403,Franklin,Cowpe,fcowpeb6@zdnet.com,Male,152.108.232.122
404,Gussi,Medgewick,gmedgewickb7@telegraph.co.uk,Female,249.86.42.8
405,Ikey,Tresvina,itresvinab8@cornell.edu,Male,118.159.87.165
406,Almira,Jedrzejczyk,ajedrzejczykb9@gravatar.com,Female,54.127.39.234
407,Anson,O Sullivan,aosullivanba@google.nl,Male,98.194.224.197
408,Dacia,Salsbury,dsalsburybb@moonfruit.com,Female,10.26.23.163
409,Spense,Davis,sdavisbc@amazonaws.com,Female,114.3.67.158
410,Bernelle,Skirven,bskirvenbd@merriam-webster.com,Female,132.249.83.201
411,Kellie,De Lascy,kdelascybe@fema.gov,Female,52.40.24.191
412,Cherida,Blakeley,cblakeleybf@japanpost.jp,Female,148.125.137.185
413,Robinetta,Reitenbach,rreitenbachbg@pinterest.com,Female,212.135.154.157
414,Robinson,Faucett,rfaucettbh@webnode.com,Male,31.199.164.177
415,Luce,Owlner,lowlnerbi@topsy.com,Male,222.247.228.255
416,Britt,Perche,bperchebj@linkedin.com,Female,51.172.185.80
417,Blaire,Dulake,bdulakebk@apple.com,Female,3.46.213.212
418,Humphrey,Gifford,hgiffordbl@odnoklassniki.ru,Male,97.67.222.255
419,Helene,Goatcher,hgoatcherbm@hhs.gov,Female,111.163.149.68
420,Gertrude,Arkley,garkleybn@ftc.gov,Female,214.38.82.11
421,Nissa,Stockport,nstockportbo@prlog.org,Female,188.212.64.219
422,Mag,Flowitt,mflowittbp@prweb.com,Non-binary,129.210.39.12
423,Chico,Wegman,cwegmanbq@miitbeian.gov.cn,Male,254.95.139.79
424,Cthrine,Spleving,csplevingbr@youtu.be,Female,180.139.21.88
425,Nanny,Bartosch,nbartoschbs@miibeian.gov.cn,Female,222.23.128.116
426,Zack,Neeve,zneevebt@facebook.com,Male,97.249.214.243
427,Amby,Bhatia,abhatiabu@dot.gov,Agender,159.107.223.248
428,Orelle,Christall,ochristallbv@google.ru,Female,179.207.7.101
429,Genevra,Ateridge,gateridgebw@yale.edu,Female,135.67.32.30
430,Wiley,Vollam,wvollambx@networkadvertising.org,Male,166.130.6.170
431,Niall,Carlon,ncarlonby@fema.gov,Male,162.171.226.213
432,Garland,Oury,gourybz@topsy.com,Female,82.121.59.227
433,Isaiah,Scales,iscalesc0@globo.com,Male,209.66.231.237
434,Vanessa,Duckett,vduckettc1@a8.net,Agender,136.103.95.39
435,Sukey,Ebbles,sebblesc2@msn.com,Female,49.145.214.255
436,Burty,Klauer,bklauerc3@ustream.tv,Male,159.225.165.111
437,Fraze,Gerrad,fgerradc4@dedecms.com,Male,238.165.237.133
438,Conan,Winward,cwinwardc5@weebly.com,Male,115.193.35.222
439,Salem,Poolton,spooltonc6@harvard.edu,Male,113.235.189.69
440,Seline,Wellings,swellingsc7@kickstarter.com,Female,71.159.243.171
441,Dunc,Elijahu,delijahuc8@zdnet.com,Male,248.83.123.91
442,Thayne,Youel,tyouelc9@msu.edu,Male,52.13.169.168
443,Virgie,Beckford,vbeckfordca@paypal.com,Male,74.135.199.127
444,Cele,Janew,cjanewcb@facebook.com,Female,211.156.84.25
445,Hilary,Lecky,hleckycc@wp.com,Female,204.253.2.85
446,Tiphany,Kopacek,tkopacekcd@desdev.cn,Female,75.58.226.79
447,Troy,Dykes,tdykesce@ted.com,Male,79.221.186.100
448,Fallon,Petel,fpetelcf@gov.uk,Female,27.254.92.115
449,Edita,Burvill,eburvillcg@dropbox.com,Female,135.85.81.209
450,Rochelle,Duell,rduellch@usa.gov,Female,194.139.26.214
451,Alyosha,Breslane,abreslaneci@umn.edu,Male,224.67.109.63
452,Rad,Bruckenthal,rbruckenthalcj@e-recht24.de,Male,92.24.161.7
453,Kimmi,Monday,kmondayck@stumbleupon.com,Non-binary,94.244.50.17
454,Alina,Bernolet,abernoletcl@creativecommons.org,Female,37.203.85.29
455,Trip,Bardsley,tbardsleycm@sciencedaily.com,Male,122.250.128.162
456,Billie,Ormond,bormondcn@hhs.gov,Male,151.142.70.54
457,Demetra,Deverall,ddeverallco@wsj.com,Female,79.92.220.16
458,Ilene,Wiersma,iwiersmacp@comcast.net,Male,122.31.213.245
459,Danita,Million,dmillioncq@mlb.com,Female,98.75.178.99
460,Freddy,Leppington,fleppingtoncr@who.int,Female,73.230.224.117
461,Maryl,Kopp,mkoppcs@google.pl,Female,240.31.62.107
462,Artemas,Borthe,aborthect@ehow.com,Male,35.146.103.217
463,Norbert,Agostini,nagostinicu@trellian.com,Male,212.37.240.128
464,Arlan,Antoniazzi,aantoniazzicv@deviantart.com,Male,183.116.143.239
465,Aldridge,Hancill,ahancillcw@liveinternet.ru,Male,193.8.227.77
466,Roley,Mulran,rmulrancx@oakley.com,Male,46.96.234.104
467,Robbert,Cleef,rcleefcy@walmart.com,Male,176.155.30.30
468,Powell,Perott,pperottcz@pagesperso-orange.fr,Male,121.51.40.214
469,Edsel,Harrow,eharrowd0@vinaora.com,Male,168.249.199.56
470,Webster,Throssell,wthrosselld1@independent.co.uk,Male,232.215.197.73
471,Giuseppe,Daniellot,gdaniellotd2@google.com,Male,52.185.173.163
472,Nolly,Late,nlated3@ebay.com,Male,190.15.188.149
473,Brinna,Barbe,bbarbed4@va.gov,Female,97.158.236.254
474,Lothaire,Marsters,lmarstersd5@ameblo.jp,Male,225.207.229.22
475,Sharla,MacAlaster,smacalasterd6@sbwire.com,Female,107.208.171.135
476,Torrey,Anan,tanand7@storify.com,Male,224.54.55.66
477,Georgi,Danielian,gdanieliand8@xing.com,Male,249.74.197.45
478,Warren,Francescuccio,wfrancescucciod9@wired.com,Male,59.40.107.128
479,Lowell,Wyrill,lwyrillda@studiopress.com,Male,47.123.50.197
480,Nicolette,Jacqueminet,njacqueminetdb@freewebs.com,Female,84.24.220.48
481,Bord,Jeannard,bjeannarddc@nytimes.com,Male,123.83.168.172
482,Winny,Hulks,whulksdd@cbsnews.com,Female,86.1.68.128
483,Elyse,Birkby,ebirkbyde@thetimes.co.uk,Female,30.243.168.172
484,Demetris,Silkston,dsilkstondf@goodreads.com,Male,239.231.159.42
485,Annabell,Burwood,aburwooddg@i2i.jp,Female,236.96.186.20
486,Prentiss,Dury,pdurydh@mac.com,Male,74.32.152.40
487,Broddy,Slimm,bslimmdi@amazonaws.com,Male,230.131.142.58
488,Rollo,Treven,rtrevendj@psu.edu,Male,103.1.0.19
489,Marilee,Erat,meratdk@cnbc.com,Female,171.145.7.44
490,Dulcinea,Aggiss,daggissdl@boston.com,Female,132.66.191.72
491,Luciana,Caddens,lcaddensdm@dell.com,Female,56.89.123.254
492,Aymer,Warsap,awarsapdn@360.cn,Male,86.131.124.244
493,Conrade,Sweeten,csweetendo@addtoany.com,Male,131.119.167.205
494,Salvidor,Immer,simmerdp@japanpost.jp,Male,139.16.16.26
495,Dorine,Gowanlock,dgowanlockdq@java.com,Male,77.99.104.188
496,Cathyleen,Mish,cmishdr@privacy.gov.au,Female,206.37.178.88
497,Elisa,Gommes,egommesds@chronoengine.com,Female,37.84.210.208
498,Leroy,Dowty,ldowtydt@theguardian.com,Male,99.4.130.215
499,Felice,Wilman,fwilmandu@google.nl,Female,20.27.189.247
500,Hettie,Varsey,hvarseydv@nhs.uk,Non-binary,233.251.30.201
501,Crin,Verzey,cverzeydw@pen.io,Female,155.250.204.59
502,Lyn,Toolin,ltoolindx@sciencedirect.com,Male,131.141.229.103
503,Emilia,Wermerling,ewermerlingdy@freewebs.com,Female,112.173.23.49
504,Glen,Dallewater,gdallewaterdz@blogger.com,Female,148.251.222.154
505,Leontine,Swindle,lswindlee0@patch.com,Female,51.70.255.35
506,Marsh,Aubrun,maubrune1@jugem.jp,Male,189.202.18.89
507,Gare,Tidmarsh,gtidmarshe2@businessweek.com,Male,94.190.246.29
508,Timmie,Semken,tsemkene3@gravatar.com,Male,165.65.60.3
509,Courtnay,O' Connell,coconnelle4@last.fm,Female,162.240.47.88
510,Shani,Bouts,sboutse5@gnu.org,Female,13.4.106.170
511,Holli,Hutchings,hhutchingse6@google.com.br,Female,143.92.88.149
512,Glynn,Velte,gveltee7@flickr.com,Male,128.16.25.67
513,Trever,Rosoman,trosomane8@irs.gov,Male,107.74.111.90
514,Sutton,Joyson,sjoysone9@taobao.com,Male,224.31.227.11
515,Ned,Bamlet,nbamletea@shutterfly.com,Male,217.167.144.19
516,Caroljean,Keywood,ckeywoodeb@cbslocal.com,Male,236.108.80.212
517,Bary,Quilter,bquilterec@photobucket.com,Male,134.166.75.115
518,Helsa,Reddings,hreddingsed@slate.com,Female,99.54.240.201
519,Yoshiko,Jenny,yjennyee@hexun.com,Female,212.43.198.75
520,Lu,Abbotts,labbottsef@domainmarket.com,Female,80.130.231.95
521,Keene,McAw,kmcaweg@nsw.gov.au,Male,242.127.4.206
522,Lula,Nicholl,lnicholleh@kickstarter.com,Female,77.186.115.120
523,Melosa,Hallad,mhalladei@apache.org,Female,186.29.118.120
524,Quintina,Dawby,qdawbyej@twitter.com,Female,200.117.27.37
525,Obediah,Hanshaw,ohanshawek@tumblr.com,Male,120.128.103.240
526,Jaime,O' Mara,jomarael@unicef.org,Female,199.230.156.71
527,De witt,Benda,dbendaem@desdev.cn,Male,89.211.3.72
528,Bryant,Naile,bnaileen@php.net,Male,232.203.186.58
529,Eartha,Delmonti,edelmontieo@scribd.com,Female,219.196.195.177
530,Alvira,Burnage,aburnageep@unicef.org,Female,206.158.2.68
531,Der,Loseby,dlosebyeq@cnn.com,Male,246.94.65.74
532,Lincoln,Morin,lmoriner@netlog.com,Male,88.128.73.203
533,Rudolf,Whifen,rwhifenes@army.mil,Male,169.180.40.14
534,Ezekiel,Scading,escadinget@java.com,Female,105.81.52.12
535,Ware,Ciccotto,wciccottoeu@addtoany.com,Male,144.224.217.57
536,Shelby,Toynbee,stoynbeeev@techcrunch.com,Female,194.230.32.103
537,Patrizio,Mulholland,pmulhollandew@rakuten.co.jp,Male,132.240.46.199
538,Kendricks,Cockling,kcocklingex@youtube.com,Male,167.64.155.91
539,Karla,Hansell,khanselley@desdev.cn,Female,233.132.213.133
540,Marcellina,Lyddyard,mlyddyardez@sourceforge.net,Female,80.177.234.136
541,Sileas,Tomkowicz,stomkowiczf0@360.cn,Female,197.68.57.234
542,Davidde,O'Lagene,dolagenef1@biglobe.ne.jp,Male,53.95.251.103
543,Pierce,Caves,pcavesf2@usda.gov,Male,211.24.37.16
544,Jard,Szachniewicz,jszachniewiczf3@wikia.com,Male,25.20.166.47
545,Kenneth,Gopsall,kgopsallf4@e-recht24.de,Male,129.3.14.195
546,Giffie,Coleby,gcolebyf5@sourceforge.net,Male,4.238.178.220
547,Amii,McNicol,amcnicolf6@angelfire.com,Female,146.116.49.4
548,Dyanne,Swateridge,dswateridgef7@google.it,Female,241.247.28.72
549,Raynor,Schimann,rschimannf8@simplemachines.org,Male,55.99.149.245
550,Tabbatha,Hadenton,thadentonf9@hc360.com,Agender,244.132.1.220
551,Wilburt,Plaide,wplaidefa@123-reg.co.uk,Male,0.126.45.174
552,Micky,Laugharne,mlaugharnefb@unicef.org,Male,210.5.78.68
553,Janaye,Bonney,jbonneyfc@state.tx.us,Female,21.249.191.72
554,Bonnibelle,Sueter,bsueterfd@google.it,Female,209.169.203.217
555,Rafe,Harvie,rharviefe@scribd.com,Male,31.66.165.123
556,Ashlee,Morrall,amorrallff@epa.gov,Female,49.142.62.154
557,Minni,Harmson,mharmsonfg@yellowpages.com,Female,149.196.133.13
558,Lazare,Pancost,lpancostfh@deliciousdays.com,Male,155.99.86.252
559,Anderson,Swatradge,aswatradgefi@privacy.gov.au,Male,134.152.14.163
560,Karoly,Steptow,ksteptowfj@cpanel.net,Non-binary,211.90.174.92
561,Laurie,Aleshintsev,laleshintsevfk@soundcloud.com,Male,123.15.163.5
562,Kellsie,Mullane,kmullanefl@dailymotion.com,Female,54.13.128.211
563,Ferrel,Edgett,fedgettfm@sitemeter.com,Male,206.50.217.55
564,Gallard,Chat,gchatfn@wisc.edu,Male,195.218.89.99
565,Rhona,Ladbrooke,rladbrookefo@chicagotribune.com,Female,53.167.163.185
566,Berty,Twidale,btwidalefp@blogtalkradio.com,Female,88.215.87.68
567,Gill,Charrington,gcharringtonfq@google.nl,Male,16.161.118.133
568,Caspar,Edmonstone,cedmonstonefr@cdbaby.com,Male,47.75.27.102
569,Sidonnie,Bachellier,sbachellierfs@bbc.co.uk,Female,150.143.200.219
570,Tina,Averies,taveriesft@networkadvertising.org,Female,32.120.249.91
571,Dell,Olyonov,dolyonovfu@nifty.com,Female,17.186.101.143
572,Elsbeth,Verick,everickfv@time.com,Female,92.133.83.60
573,Lishe,McKernon,lmckernonfw@clickbank.net,Female,63.241.226.83
574,Lucina,Cobson,lcobsonfx@edublogs.org,Non-binary,173.2.166.19
575,Natalie,Gethyn,ngethynfy@dot.gov,Non-binary,143.127.118.9
576,Abe,MacIllrick,amacillrickfz@sciencedaily.com,Male,233.127.196.144
577,Orsa,Dinsdale,odinsdaleg0@harvard.edu,Female,116.146.210.213
578,Hamlen,Shadrack,hshadrackg1@simplemachines.org,Male,212.4.52.74
579,Mort,Guerre,mguerreg2@netscape.com,Male,130.228.199.15
580,Jori,McPhillips,jmcphillipsg3@cargocollective.com,Female,107.109.88.51
581,Tibold,Heinz,theinzg4@vkontakte.ru,Male,65.83.129.20
582,Noelani,Mougeot,nmougeotg5@nhs.uk,Non-binary,17.172.174.74
583,Marchall,Terney,mterneyg6@phpbb.com,Male,170.128.48.0
584,Morly,Cavell,mcavellg7@w3.org,Female,43.146.117.26
585,Berkly,Mariault,bmariaultg8@gmpg.org,Male,219.61.173.164
586,Nial,Twinn,ntwinng9@examiner.com,Male,249.204.186.101
587,Dyana,Lea,dleaga@nyu.edu,Female,165.143.73.174
588,Torrin,Clemoes,tclemoesgb@reuters.com,Male,14.67.79.34
589,Michail,Kimberly,mkimberlygc@deliciousdays.com,Male,54.237.61.115
590,Hertha,Jaze,hjazegd@opensource.org,Agender,141.28.37.46
591,Lucine,Matula,lmatulage@amazonaws.com,Female,207.178.7.74
592,Nelson,Goshawk,ngoshawkgf@trellian.com,Male,188.105.125.178
593,Harp,Chattaway,hchattawaygg@japanpost.jp,Male,72.254.41.116
594,Torrie,Bram,tbramgh@mayoclinic.com,Female,134.156.176.188
595,Wallie,Oakenford,woakenfordgi@wikipedia.org,Male,124.26.121.50
596,Laverne,Pinkerton,lpinkertongj@twitter.com,Male,68.67.213.227
597,Selig,Calltone,scalltonegk@mashable.com,Male,74.187.160.204
598,Perren,Bradder,pbraddergl@devhub.com,Female,4.185.87.230
599,Leoine,Hubatsch,lhubatschgm@ustream.tv,Female,155.249.148.199
600,Caressa,Cheevers,ccheeversgn@intel.com,Female,134.117.45.239
601,Myrwyn,Bunyard,mbunyardgo@freewebs.com,Male,35.161.116.132
602,Powell,Bennough,pbennoughgp@hubpages.com,Male,210.191.24.146
603,Ely,Gallandre,egallandregq@de.vu,Female,249.61.107.60
604,Cletus,Kunzler,ckunzlergr@parallels.com,Male,241.65.31.199
605,Darlleen,Doret,ddoretgs@macromedia.com,Female,79.31.99.77
606,Delmore,Hallum,dhallumgt@cornell.edu,Male,231.247.102.31
607,Randolph,Scrinage,rscrinagegu@ucoz.ru,Male,164.224.24.120
608,Bili,Beteriss,bbeterissgv@dmoz.org,Female,133.211.112.25
609,Maury,Bamb,mbambgw@elpais.com,Male,135.38.213.53
610,Xenia,Sinclar,xsinclargx@fotki.com,Female,175.238.23.93
611,Kayley,Campione,kcampionegy@ezinearticles.com,Female,143.73.10.205
612,Pietra,Wozencraft,pwozencraftgz@ameblo.jp,Female,248.152.248.77
613,Tania,Durn,tdurnh0@addtoany.com,Female,79.30.223.64
614,Chen,Hegerty,chegertyh1@a8.net,Female,164.108.77.224
615,Susi,Born,sbornh2@salon.com,Female,155.122.74.187
616,Nico,Sussams,nsussamsh3@geocities.jp,Male,10.167.105.32
617,Arleen,Boutwell,aboutwellh4@hud.gov,Female,13.85.242.245
618,Twila,Statersfield,tstatersfieldh5@behance.net,Female,203.154.233.188
619,Cherri,de Keep,cdekeeph6@oakley.com,Female,92.84.8.155
620,Dewain,Wagner,dwagnerh7@delicious.com,Male,94.30.64.19
621,Harp,Pinyon,hpinyonh8@quantcast.com,Male,184.3.205.79
622,Trixy,Johnson,tjohnsonh9@canalblog.com,Female,95.30.69.92
623,Terrence,Yeatman,tyeatmanha@craigslist.org,Male,116.242.243.190
624,Douglas,Eagleston,deaglestonhb@webs.com,Male,250.224.219.253
625,Florida,Juszczak,fjuszczakhc@constantcontact.com,Female,92.135.144.137
626,Lynnet,Archley,larchleyhd@nps.gov,Female,197.63.165.11
627,Cordy,Lampet,clampethe@apache.org,Male,64.99.40.135
628,Shellysheldon,Mainland,smainlandhf@vinaora.com,Male,188.233.243.203
629,Gerrard,Maber,gmaberhg@hugedomains.com,Male,119.236.178.160
630,Lora,Jewers,ljewershh@miibeian.gov.cn,Female,83.39.228.220
631,Kaja,Patel,kpatelhi@state.gov,Female,27.234.226.218
632,Malanie,Combes,mcombeshj@unblog.fr,Female,49.118.128.122
633,Laure,Getcliff,lgetcliffhk@canalblog.com,Agender,231.85.138.224
634,Loralie,Docwra,ldocwrahl@youtube.com,Female,188.189.127.32
635,Hannah,MacKenney,hmackenneyhm@marketwatch.com,Female,237.162.156.235
636,Adrien,Hughs,ahughshn@creativecommons.org,Male,36.204.27.214
637,Bendicty,Grimsdith,bgrimsdithho@google.com.hk,Male,164.107.176.153
638,Thedrick,McCurtin,tmccurtinhp@miibeian.gov.cn,Male,231.54.153.138
639,Caressa,Giovannoni,cgiovannonihq@usnews.com,Male,253.198.118.105
640,Lonnard,Breche,lbrechehr@elpais.com,Male,91.248.42.175
641,Marketa,Rotge,mrotgehs@miibeian.gov.cn,Female,114.79.194.214
642,Trent,Garling,tgarlinght@uiuc.edu,Male,122.158.130.65
643,Winn,Goulbourn,wgoulbournhu@acquirethisname.com,Male,36.6.99.5
644,Eunice,Earland,eearlandhv@cisco.com,Female,6.213.112.42
645,Anatola,Elgee,aelgeehw@1und1.de,Female,194.153.207.176
646,Abra,Dowden,adowdenhx@eepurl.com,Female,164.127.144.25
647,Blaire,McGing,bmcginghy@reuters.com,Female,74.10.224.144
648,Annecorinne,Oulet,aoulethz@uol.com.br,Female,70.16.127.44
649,Drake,Padfield,dpadfieldi0@shinystat.com,Male,146.103.104.116
650,Syman,Marshland,smarshlandi1@aboutads.info,Male,82.229.14.77
651,Christy,Pledger,cpledgeri2@lulu.com,Female,32.81.154.209
652,Gaylene,Tille,gtillei3@jalbum.net,Female,48.253.150.196
653,Arv,Carwardine,acarwardinei4@github.io,Male,145.5.194.73
654,Rochester,Dohmer,rdohmeri5@mayoclinic.com,Male,177.177.127.217
655,Saw,Glasscoo,sglasscooi6@tiny.cc,Male,235.243.228.102
656,Herby,Hoston,hhostoni7@sciencedirect.com,Male,170.48.4.161
657,Lou,Bullan,lbullani8@tuttocitta.it,Male,229.11.49.90
658,Sutton,MacGiffin,smacgiffini9@umich.edu,Male,199.103.63.54
659,Maribeth,Gilfillan,mgilfillania@vimeo.com,Female,125.19.122.159
660,Katuscha,Hardingham,khardinghamib@icq.com,Female,63.224.210.204
661,Peder,Parsell,pparsellic@state.gov,Male,173.157.112.203
662,Ronald,Freear,rfreearid@webs.com,Male,39.60.25.146
663,Benji,Moriarty,bmoriartyie@who.int,Male,93.249.67.210
664,Mel,Chavrin,mchavrinif@topsy.com,Female,206.35.155.189
665,Maryellen,Capener,mcapenerig@blogspot.com,Female,72.180.142.93
666,Lora,Pickover,lpickoverih@ucla.edu,Female,45.139.87.147
667,Chrissy,Bonsale,cbonsaleii@wix.com,Male,15.88.229.137
668,Cozmo,Skeggs,cskeggsij@stanford.edu,Male,86.27.133.80
669,Ransell,Honnan,rhonnanik@altervista.org,Male,80.198.12.45
670,Daron,Trustey,dtrusteyil@myspace.com,Male,134.153.86.201
671,Paige,Bastock,pbastockim@dropbox.com,Male,177.68.170.110
672,Munroe,Fideler,mfidelerin@nature.com,Male,0.6.92.82
673,Justis,Epple,jeppleio@sourceforge.net,Male,50.38.74.68
674,Reynard,Maslen,rmaslenip@spiegel.de,Male,37.149.142.43
675,James,Degenhardt,jdegenhardtiq@wix.com,Male,130.125.134.27
676,Kleon,Chomicki,kchomickiir@odnoklassniki.ru,Male,66.223.185.36
677,Paulo,Cosyns,pcosynsis@abc.net.au,Male,54.161.253.10
678,Nichole,Limpkin,nlimpkinit@skyrock.com,Male,21.173.244.171
679,James,Dofty,jdoftyiu@tuttocitta.it,Male,211.51.89.91
680,Chariot,de Zamora,cdezamoraiv@engadget.com,Male,107.22.191.117
681,Davey,Durling,ddurlingiw@ibm.com,Male,211.111.53.100
682,Hortensia,Steeden,hsteedenix@theguardian.com,Female,229.86.12.35
683,Gordie,Pantridge,gpantridgeiy@skyrock.com,Male,61.28.184.211
684,Britni,Greenroa,bgreenroaiz@cafepress.com,Female,202.171.193.228
685,Dare,Ianizzi,dianizzij0@jalbum.net,Male,170.41.253.56
686,Antonin,Winfield,awinfieldj1@redcross.org,Male,194.169.0.246
687,Livvyy,Ruddy,lruddyj2@privacy.gov.au,Female,144.166.254.56
688,Kellby,Ellcome,kellcomej3@yandex.ru,Male,80.61.68.216
689,Yul,Uphill,yuphillj4@epa.gov,Male,18.88.112.147
690,Tiffanie,Hefforde,theffordej5@uiuc.edu,Female,251.239.123.53
691,Tamma,Pirrie,tpirriej6@google.com,Female,106.40.110.111
692,Sofie,Wardesworth,swardesworthj7@comcast.net,Female,223.63.16.167
693,Ruby,Pontin,rpontinj8@e-recht24.de,Female,129.254.7.56
694,Edouard,Emerson,eemersonj9@smugmug.com,Male,2.119.115.176
695,Rock,Boscott,rboscottja@telegraph.co.uk,Male,96.51.100.243
696,Irvin,O'Carran,iocarranjb@mtv.com,Male,128.182.37.105
697,Edeline,Desquesnes,edesquesnesjc@jugem.jp,Female,144.173.183.7
698,Harley,Mapstone,hmapstonejd@wufoo.com,Male,216.1.79.47
699,Jammal,Drynan,jdrynanje@mozilla.com,Male,153.126.160.254
700,Shela,Kinig,skinigjf@domainmarket.com,Female,62.55.120.247
701,Marigold,Beric,mbericjg@cisco.com,Female,43.54.221.181
702,Shell,Karp,skarpjh@acquirethisname.com,Male,226.183.68.159
703,Karel,Batrip,kbatripji@com.com,Male,223.3.23.9
704,Lilyan,Slott,lslottjj@vistaprint.com,Female,83.228.170.0
705,Vidovic,Antonoyev,vantonoyevjk@icq.com,Male,116.19.217.234
706,Tirrell,Birk,tbirkjl@rambler.ru,Male,61.84.160.138
707,Auberta,Brisard,abrisardjm@networkadvertising.org,Female,96.92.242.152
708,Clem,McPeck,cmcpeckjn@naver.com,Male,152.4.157.162
709,Lena,Hedde,lheddejo@surveymonkey.com,Female,125.252.45.116
710,Joycelin,Oleksinski,joleksinskijp@php.net,Female,14.39.165.31
711,Esta,Sheekey,esheekeyjq@i2i.jp,Female,149.134.254.151
712,Aggi,Perel,apereljr@sciencedirect.com,Female,52.94.157.159
713,De witt,Aubrun,daubrunjs@ebay.com,Male,155.254.158.129
714,Cacilie,Clifforth,cclifforthjt@mapy.cz,Female,197.43.132.133
715,Cleon,Catlow,ccatlowju@surveymonkey.com,Male,22.114.132.21
716,Junina,Sonschein,jsonscheinjv@mozilla.org,Female,83.138.189.7
717,Pearl,Trent,ptrentjw@weather.com,Female,241.49.97.180
718,Sherrie,Houseman,shousemanjx@theguardian.com,Female,186.42.138.34
719,Mel,Freire,mfreirejy@mapy.cz,Male,191.213.234.92
720,Danyette,Pattrick,dpattrickjz@twitter.com,Female,121.67.9.244
721,Milzie,Birchner,mbirchnerk0@patch.com,Female,245.50.244.223
722,Tiena,Keyme,tkeymek1@microsoft.com,Female,38.114.121.66
723,Halie,Holborn,hholbornk2@cbc.ca,Agender,38.161.222.228
724,Jose,Manhare,jmanharek3@nasa.gov,Male,4.61.27.121
725,Durante,Warham,dwarhamk4@nba.com,Male,169.20.159.114
726,Itch,Cossam,icossamk5@about.com,Female,34.169.120.87
727,Karrie,Le Marchant,klemarchantk6@wikispaces.com,Female,1.231.64.249
728,Mervin,Muckeen,mmuckeenk7@chronoengine.com,Male,108.14.131.103
729,Luis,Lindwasser,llindwasserk8@a8.net,Male,39.52.234.31
730,Edmund,Stanborough,estanboroughk9@nymag.com,Male,195.228.234.193
731,Regen,Joseland,rjoselandka@mac.com,Female,245.191.124.111
732,Elinor,Simmonite,esimmonitekb@qq.com,Female,120.239.229.40
733,Leone,Hale,lhalekc@baidu.com,Female,205.67.58.168
734,Janeen,Janz,jjanzkd@tripod.com,Female,79.78.122.119
735,Elfrida,Swannie,eswannieke@apache.org,Female,238.157.80.214
736,Angelia,Jan,ajankf@pagesperso-orange.fr,Female,248.44.168.38
737,Abrahan,Philpin,aphilpinkg@japanpost.jp,Male,138.7.205.115
738,Stearne,Karsh,skarshkh@sitemeter.com,Male,37.130.200.60
739,Isaak,Bangle,ibangleki@flickr.com,Male,40.185.111.30
740,Glenn,Mussalli,gmussallikj@goo.ne.jp,Male,231.119.250.83
741,Trever,Gustus,tgustuskk@paginegialle.it,Male,55.222.149.229
742,Elliot,Betho,ebethokl@vkontakte.ru,Male,10.123.242.0
743,Jilleen,Legerton,jlegertonkm@constantcontact.com,Female,222.52.82.238
744,Robby,Paradyce,rparadycekn@who.int,Agender,173.150.25.70
745,Ruben,Orpyne,rorpyneko@ca.gov,Agender,157.127.222.70
746,Aridatha,Garrioch,agarriochkp@nps.gov,Female,69.212.106.164
747,Sioux,Ray,sraykq@tuttocitta.it,Female,160.195.45.129
748,Robyn,Gietz,rgietzkr@shareasale.com,Female,208.65.84.140
749,Berta,Abson,babsonks@joomla.org,Female,73.194.145.26
750,Hilly,Doram,hdoramkt@bravesites.com,Male,55.177.157.248
751,Felipe,Staines,fstainesku@jiathis.com,Male,221.231.13.108
752,Gareth,Farnin,gfarninkv@answers.com,Male,40.249.32.242
753,Dede,Letts,dlettskw@goo.ne.jp,Female,50.227.182.89
754,Regan,Hillen,rhillenkx@freewebs.com,Male,148.15.220.255
755,Trueman,Otter,totterky@engadget.com,Male,28.153.81.83
756,Stacia,Masse,smassekz@discovery.com,Female,11.224.196.111
757,Pincus,Petticrew,ppetticrewl0@altervista.org,Male,246.138.95.65
758,Myrah,Croft,mcroftl1@blinklist.com,Female,221.217.104.93
759,Orv,Paslow,opaslowl2@nasa.gov,Male,5.244.119.31
760,Ky,Adin,kadinl3@google.ca,Male,74.122.144.209
761,Noelle,Langtry,nlangtryl4@smh.com.au,Female,63.192.129.196
762,Adham,Meggison,ameggisonl5@moonfruit.com,Male,16.8.51.174
763,Rubina,Woolmington,rwoolmingtonl6@alexa.com,Female,201.60.77.241
764,Othello,Seddon,oseddonl7@360.cn,Male,163.205.32.36
765,Gamaliel,Silkstone,gsilkstonel8@barnesandnoble.com,Male,59.242.66.36
766,Roxana,Borgnet,rborgnetl9@home.pl,Female,235.92.174.136
767,Nancey,Evershed,nevershedla@google.co.jp,Female,49.63.133.41
768,Cordi,Amerighi,camerighilb@msn.com,Female,173.26.125.127
769,Skip,Egdell,segdelllc@nba.com,Male,203.35.10.18
770,Virginie,Summerlee,vsummerleeld@amazon.com,Female,215.76.14.144
771,Joshua,Soughton,jsoughtonle@dion.ne.jp,Male,27.211.67.125
772,Bev,Overell,boverelllf@symantec.com,Female,86.158.222.67
773,Micah,Heaslip,mheasliplg@addtoany.com,Male,43.30.250.176
774,Jerad,Snape,jsnapelh@cdc.gov,Male,200.28.75.186
775,Marius,Philippe,mphilippeli@amazon.co.uk,Male,107.210.192.226
776,Rogerio,Bunworth,rbunworthlj@jugem.jp,Male,98.119.139.119
777,Ferris,Ligertwood,fligertwoodlk@ucsd.edu,Male,4.245.105.2
778,Cyril,Aldwick,caldwickll@irs.gov,Male,229.134.111.104
779,Lowrance,Demeza,ldemezalm@technorati.com,Male,91.25.103.74
780,Elyssa,Juhruke,ejuhrukeln@dell.com,Female,124.168.85.82
781,Eva,Beckett,ebeckettlo@oakley.com,Female,134.167.125.133
782,Orren,Pickavance,opickavancelp@quantcast.com,Male,23.6.251.47
783,Zaria,Kilgour,zkilgourlq@npr.org,Female,254.127.175.64
784,Agnesse,Kleimt,akleimtlr@ucla.edu,Female,251.216.224.131
785,Stearne,Purrington,spurringtonls@desdev.cn,Male,174.17.250.215
786,Conan,McKimmie,cmckimmielt@adobe.com,Male,140.232.141.114
787,Salem,Litherborough,slitherboroughlu@xing.com,Male,207.169.183.121
788,Eachelle,Pountain,epountainlv@businesswire.com,Female,239.213.102.203
789,Jessie,Haycroft,jhaycroftlw@state.gov,Male,176.79.192.29
790,Wilton,Wankling,wwanklinglx@devhub.com,Male,86.255.87.17
791,Axe,Fauguel,afauguelly@washington.edu,Male,217.98.53.46
792,Adel,Alven,aalvenlz@exblog.jp,Female,57.69.193.108
793,Charlean,Sherar,csherarm0@japanpost.jp,Female,155.81.175.211
794,Thain,Jeffcoate,tjeffcoatem1@wikipedia.org,Male,237.54.36.163
795,Georgie,McCallion,gmccallionm2@blogspot.com,Male,177.136.36.180
796,Guglielma,Docket,gdocketm3@huffingtonpost.com,Female,248.81.197.140
797,Lou,Corringham,lcorringhamm4@oakley.com,Female,231.170.35.116
798,Mirelle,Woodhams,mwoodhamsm5@php.net,Female,59.213.162.41
799,Dulcy,McEvilly,dmcevillym6@issuu.com,Female,225.133.3.140
800,Fons,Worham,fworhamm7@gnu.org,Male,228.4.76.143
801,Sammy,Yelyashev,syelyashevm8@cnbc.com,Male,146.212.130.150
802,Haskel,Yaus,hyausm9@usgs.gov,Male,37.98.81.43
803,Kelsey,Jenkyn,kjenkynma@nhs.uk,Male,103.72.27.187
804,Marietta,Gerold,mgeroldmb@dailymotion.com,Male,241.231.193.13
805,Gard,Vern,gvernmc@geocities.jp,Male,75.97.115.208
806,Cecelia,Kayne,ckaynemd@google.com.hk,Female,165.214.23.70
807,Emmaline,Gilford,egilfordme@bbc.co.uk,Female,186.155.162.206
808,Noble,Knill,nknillmf@arizona.edu,Male,202.153.25.114
809,Antoni,Isabell,aisabellmg@booking.com,Male,246.11.109.233
810,Chance,Connar,cconnarmh@columbia.edu,Male,75.46.96.170
811,Ximenez,Swainston,xswainstonmi@sbwire.com,Male,6.151.132.141
812,Gillie,Pinare,gpinaremj@geocities.com,Female,164.193.248.160
813,Kilian,Somerscales,ksomerscalesmk@umich.edu,Male,126.203.26.130
814,Anson,Luxford,aluxfordml@altervista.org,Male,166.209.0.183
815,Tadd,Oaten,toatenmm@jigsy.com,Male,86.115.37.174
816,Boyce,Laurens,blaurensmn@ucoz.ru,Male,248.144.209.94
817,Izzy,Sarre,isarremo@sciencedaily.com,Male,93.190.112.7
818,Diandra,Gumme,dgummemp@sohu.com,Male,19.35.53.247
819,Rachael,Cammock,rcammockmq@canalblog.com,Female,156.190.175.33
820,Berri,Shoorbrooke,bshoorbrookemr@liveinternet.ru,Female,240.46.237.108
821,Davin,Gore,dgorems@purevolume.com,Male,97.37.43.5
822,Editha,McCosh,emccoshmt@w3.org,Female,124.122.82.215
823,Theobald,Comizzoli,tcomizzolimu@harvard.edu,Male,132.80.31.1
824,Saudra,Crookston,scrookstonmv@tripod.com,Female,11.48.165.167
825,Filbert,Mounter,fmountermw@icq.com,Male,43.206.15.244
826,Hernando,Willarton,hwillartonmx@cargocollective.com,Male,172.77.86.164
827,Christean,Mila,cmilamy@home.pl,Female,200.93.176.110
828,Rozalin,Gerleit,rgerleitmz@amazon.co.uk,Female,82.206.194.248
829,Zenia,Marlon,zmarlonn0@reverbnation.com,Female,150.112.252.165
830,Rhiamon,Wison,rwisonn1@prweb.com,Female,64.205.254.145
831,Reinwald,Clayborn,rclaybornn2@pen.io,Agender,70.231.115.46
832,Mick,Kamienski,mkamienskin3@narod.ru,Female,71.144.75.187
833,Loren,Grzelczak,lgrzelczakn4@dot.gov,Male,246.3.169.181
834,Gabriel,Jerred,gjerredn5@cdc.gov,Female,33.115.14.42
835,Ashleigh,Kitney,akitneyn6@discuz.net,Female,179.106.30.212
836,Fionna,Miliffe,fmiliffen7@goo.ne.jp,Female,60.47.107.224
837,Beryl,Ortells,bortellsn8@bbb.org,Female,246.34.213.180
838,Bary,Clausner,bclausnern9@moonfruit.com,Male,190.50.232.61
839,Marwin,Bardwell,mbardwellna@usatoday.com,Male,53.158.229.40
840,Callida,Coleridge,ccoleridgenb@state.gov,Female,177.24.197.251
841,Jeannie,Dyott,jdyottnc@imdb.com,Female,191.243.0.199
842,Mareah,Bottlestone,mbottlestonend@whitehouse.gov,Female,32.69.233.171
843,Domingo,Boerder,dboerderne@topsy.com,Male,62.214.243.104
844,Ralina,Denney,rdenneynf@flavors.me,Female,54.206.119.46
845,Donnamarie,Wylder,dwylderng@webmd.com,Female,125.127.68.36
846,Bartholomeus,Brosenius,bbroseniusnh@privacy.gov.au,Male,239.124.221.91
847,Berkley,Billam,bbillamni@artisteer.com,Male,100.96.116.97
848,Jared,Binnall,jbinnallnj@paypal.com,Male,163.173.80.98
849,Allys,Beadnall,abeadnallnk@wp.com,Female,74.180.47.155
850,Yorker,Seeler,yseelernl@surveymonkey.com,Male,207.172.224.170
851,Adrianne,Royds,aroydsnm@soup.io,Female,162.226.126.71
852,Ganny,Dodge,gdodgenn@cbsnews.com,Male,184.131.53.5
853,Cristy,Quinsee,cquinseeno@so-net.ne.jp,Female,28.199.52.65
854,Cathee,Burmingham,cburminghamnp@ucoz.com,Female,218.139.104.20
855,Fabio,Oakman,foakmannq@psu.edu,Male,172.36.94.214
856,Florentia,Kemp,fkempnr@weebly.com,Male,126.87.239.83
857,Tadd,Bagg,tbaggns@dailymotion.com,Male,103.238.131.8
858,Cornelius,Winmill,cwinmillnt@phpbb.com,Male,62.57.7.161
859,Lanita,Froome,lfroomenu@prweb.com,Female,227.31.240.154
860,Augusto,Clamp,aclampnv@pcworld.com,Male,43.205.37.56
861,Dean,Reddyhoff,dreddyhoffnw@ftc.gov,Female,154.129.177.130
862,Donaugh,Anscott,danscottnx@wisc.edu,Male,187.141.137.69
863,Perle,Dalzell,pdalzellny@redcross.org,Female,220.78.194.179
864,Wat,Wilber,wwilbernz@opensource.org,Male,124.252.32.149
865,Vinni,Keaveny,vkeavenyo0@spotify.com,Female,98.19.136.66
866,Gussi,Endicott,gendicotto1@japanpost.jp,Female,134.233.201.153
867,Kinny,Giorgio,kgiorgioo2@google.pl,Male,144.55.5.199
868,Annalise,Percy,apercyo3@vimeo.com,Female,112.53.62.245
869,Nealon,Errichiello,nerrichielloo4@lycos.com,Male,27.82.127.210
870,Lanae,Twelve,ltwelveo5@economist.com,Female,164.116.255.236
871,Mara,Harvatt,mharvatto6@oakley.com,Female,84.96.76.97
872,Clary,Carvill,ccarvillo7@japanpost.jp,Female,142.100.232.112
873,Susana,Gynne,sgynneo8@unicef.org,Female,132.225.196.254
874,Coralie,Burmaster,cburmastero9@yale.edu,Female,15.165.156.82
875,Timi,Ciepluch,tciepluchoa@spiegel.de,Female,77.255.251.8
876,Olag,Minshall,ominshallob@eventbrite.com,Male,70.59.5.220
877,Newton,Petegrew,npetegrewoc@xing.com,Male,245.16.183.183
878,Kali,Hefferon,khefferonod@youku.com,Female,253.101.108.127
879,Kellen,Strank,kstrankoe@com.com,Female,147.123.107.120
880,Coleman,Bourton,cbourtonof@dropbox.com,Female,42.133.20.125
881,Gilbertine,Powelee,gpoweleeog@nationalgeographic.com,Female,42.0.107.242
882,Ezra,Toffel,etoffeloh@cnet.com,Male,78.228.26.209
883,Abby,Pask,apaskoi@bravesites.com,Female,130.107.234.204
884,Etty,Poytheras,epoytherasoj@cnn.com,Female,219.148.101.214
885,Tudor,Partridge,tpartridgeok@npr.org,Male,237.169.90.169
886,Dannel,Joontjes,djoontjesol@google.nl,Male,225.108.125.225
887,Rodolphe,Merry,rmerryom@mayoclinic.com,Female,67.165.26.76
888,Pietro,Bettesworth,pbettesworthon@fema.gov,Female,55.59.176.179
889,Gradey,Omand,gomandoo@cmu.edu,Male,55.18.90.99
890,Daryle,Stocker,dstockerop@webnode.com,Male,119.0.158.178
891,Ivar,Laurens,ilaurensoq@meetup.com,Male,56.121.136.16
892,Farleigh,Dowden,fdowdenor@guardian.co.uk,Male,123.63.216.105
893,Sheffie,Jecock,sjecockos@clickbank.net,Male,71.147.60.44
894,Theodoric,MacAughtrie,tmacaughtrieot@cdc.gov,Male,221.241.32.178
895,Marnia,Weaben,mweabenou@goo.ne.jp,Female,121.64.35.178
896,Aubree,Dewes,adewesov@disqus.com,Female,34.63.109.232
897,Merrick,Glazyer,mglazyerow@issuu.com,Male,175.113.143.222
898,Laurena,Wenman,lwenmanox@miitbeian.gov.cn,Female,58.184.159.218
899,Mirabelle,Dunston,mdunstonoy@house.gov,Female,22.126.142.93
900,Logan,Blackburn,lblackburnoz@lulu.com,Male,190.169.230.138
901,Audie,Barthelemy,abarthelemyp0@pagesperso-orange.fr,Female,122.25.224.215
902,Grethel,Schubbert,gschubbertp1@newsvine.com,Female,111.11.231.76
903,Noah,Seleway,nselewayp2@163.com,Male,81.152.238.103
904,Klemens,Tunna,ktunnap3@jigsy.com,Male,51.205.137.159
905,Aimil,O' Brian,aobrianp4@cloudflare.com,Female,64.161.109.36
906,Kristoffer,Jouhning,kjouhningp5@auda.org.au,Male,28.188.176.228
907,Ronna,Litchmore,rlitchmorep6@facebook.com,Female,144.191.8.149
908,Lurleen,Paternoster,lpaternosterp7@shop-pro.jp,Female,79.104.45.117
909,Cchaddie,Farnie,cfarniep8@businesswire.com,Male,247.10.199.65
910,Reynolds,Eggins,regginsp9@wordpress.org,Female,169.240.206.59
911,Roby,Swatland,rswatlandpa@comsenz.com,Female,141.170.166.223
912,Clive,Bigglestone,cbigglestonepb@topsy.com,Male,123.36.250.174
913,Shepherd,Fayter,sfayterpc@deliciousdays.com,Male,234.138.229.0
914,Jourdan,Domeney,jdomeneypd@marriott.com,Female,47.92.32.190
915,Skell,Freyne,sfreynepe@typepad.com,Male,100.35.171.95
916,Matthiew,Noye,mnoyepf@tiny.cc,Female,58.198.52.68
917,Faith,Dreghorn,fdreghornpg@chicagotribune.com,Female,204.26.217.148
918,Sonia,Elgood,selgoodph@reuters.com,Female,81.234.177.108
919,Michaella,Keach,mkeachpi@google.com.br,Female,147.163.4.169
920,Hasheem,Goodnow,hgoodnowpj@soundcloud.com,Male,21.229.94.82
921,Emmy,Dozdill,edozdillpk@vk.com,Male,253.159.205.79
922,Micaela,Youthed,myouthedpl@nasa.gov,Female,207.144.46.25
923,Blaine,Sleightholme,bsleightholmepm@deviantart.com,Male,253.23.238.245
924,Carl,Bunch,cbunchpn@ucoz.com,Male,227.69.226.229
925,Bunni,Davids,bdavidspo@homestead.com,Female,239.24.165.171
926,Heinrick,Childe,hchildepp@globo.com,Male,182.70.75.83
927,Skell,Phil,sphilpq@opensource.org,Male,245.125.72.251
928,Sigismundo,Wheelband,swheelbandpr@cyberchimps.com,Male,214.192.224.42
929,Loraine,Wilshire,lwilshireps@histats.com,Female,133.97.140.238
930,Chelsey,Roderick,croderickpt@biglobe.ne.jp,Female,71.61.207.168
931,Templeton,Bennet,tbennetpu@sakura.ne.jp,Male,70.184.48.89
932,Mart,Pugh,mpughpv@cornell.edu,Male,143.22.255.151
933,Jacquenetta,Axelbee,jaxelbeepw@cdbaby.com,Female,52.197.169.172
934,Felic,Glantz,fglantzpx@bigcartel.com,Male,62.62.120.24
935,Nero,Laugharne,nlaugharnepy@4shared.com,Male,209.195.53.248
936,Loralyn,Samworth,lsamworthpz@bravesites.com,Female,115.207.236.40
937,Carrissa,Choppin,cchoppinq0@boston.com,Female,175.157.171.169
938,Laurianne,Verne,lverneq1@flickr.com,Female,1.56.114.166
939,Boris,Bowyer,bbowyerq2@oaic.gov.au,Female,45.7.31.14
940,Sherry,Dunkerk,sdunkerkq3@t-online.de,Female,166.131.15.183
941,Waylan,Heeran,wheeranq4@census.gov,Male,24.210.225.172
942,Gwenette,Wharton,gwhartonq5@ucoz.com,Female,6.34.93.203
943,Griswold,Belson,gbelsonq6@msu.edu,Male,57.202.137.144
944,Sherman,Dagon,sdagonq7@squidoo.com,Male,123.202.245.208
945,Jules,De Ferraris,jdeferrarisq8@plala.or.jp,Male,242.38.246.18
946,Bari,Laws,blawsq9@amazon.de,Female,74.244.131.85
947,Prisca,Obey,pobeyqa@google.cn,Female,183.236.113.73
948,Marcelline,Lerner,mlernerqb@shareasale.com,Female,30.141.133.59
949,Trenton,Bernaert,tbernaertqc@home.pl,Male,82.98.208.204
950,Kip,Toll,ktollqd@chronoengine.com,Female,1.150.124.27
951,Vidovic,Shinton,vshintonqe@wp.com,Male,25.110.115.128
952,Leroy,Sharpous,lsharpousqf@is.gd,Male,214.155.196.137
953,Lanie,Treleaven,ltreleavenqg@umich.edu,Male,138.187.148.75
954,Immanuel,Abels,iabelsqh@elegantthemes.com,Male,255.99.141.200
955,Petey,Junifer,pjuniferqi@blogspot.com,Male,241.42.109.80
956,Munroe,Eversfield,meversfieldqj@goo.ne.jp,Male,41.203.8.236
957,Tobe,Ohm,tohmqk@g.co,Male,238.90.56.145
958,Anselma,Lathleiff,alathleiffql@histats.com,Female,62.146.137.94
959,Bron,Haistwell,bhaistwellqm@deviantart.com,Male,176.195.50.114
960,Karry,Brosi,kbrosiqn@dyndns.org,Male,203.169.250.160
961,Juline,Symones,jsymonesqo@hexun.com,Female,1.239.210.182
962,Kial,Duigenan,kduigenanqp@auda.org.au,Female,207.115.140.24
963,Durand,Barrs,dbarrsqq@google.com.hk,Agender,221.77.143.1
964,Ulrica,O'Concannon,uoconcannonqr@cnn.com,Female,168.126.170.96
965,Ilario,McKerley,imckerleyqs@irs.gov,Male,81.10.250.8
966,Rowan,Magnus,rmagnusqt@irs.gov,Male,7.187.71.139
967,Midge,Ousby,mousbyqu@nytimes.com,Female,202.232.3.92
968,Bekki,Sommerlin,bsommerlinqv@hao123.com,Female,7.29.144.188
969,Thaxter,Nickels,tnickelsqw@sciencedirect.com,Male,209.149.117.239
970,Vittoria,Tripony,vtriponyqx@sbwire.com,Female,168.248.46.208
971,Amory,Suggett,asuggettqy@homestead.com,Male,133.171.83.124
972,Mellisa,Bines,mbinesqz@weebly.com,Female,215.138.19.52
973,Kirsti,Fortune,kfortuner0@answers.com,Female,42.76.88.125
974,Cliff,Bangham,cbanghamr1@dailymail.co.uk,Male,59.83.4.37
975,Jess,Readitt,jreadittr2@census.gov,Male,31.29.246.100
976,Correna,Kemball,ckemballr3@va.gov,Female,132.237.240.153
977,Marcille,Alger,malgerr4@abc.net.au,Female,195.96.46.189
978,Vivien,Leftbridge,vleftbridger5@archive.org,Female,138.209.106.88
979,Kurt,Dealtry,kdealtryr6@ehow.com,Male,138.87.162.150
980,Leone,Awmack,lawmackr7@intel.com,Female,225.232.186.133
981,Stevena,McTurk,smcturkr8@canalblog.com,Female,25.154.230.143
982,Leoine,Scamp,lscampr9@people.com.cn,Female,208.226.20.232
983,Meggi,Elsegood,melsegoodra@whitehouse.gov,Female,144.241.145.237
984,Elset,Bamlet,ebamletrb@nasa.gov,Female,213.127.148.196
985,Camile,Culley,cculleyrc@java.com,Female,43.238.18.150
986,Elise,Scarlan,escarlanrd@examiner.com,Female,69.205.159.202
987,Virgilio,Cantu,vcanture@upenn.edu,Male,14.244.14.3
988,Carmita,Jaquemar,cjaquemarrf@t.co,Female,47.77.19.157
989,Adriano,Petera,apeterarg@aol.com,Male,17.188.139.92
990,Bordy,Lindegard,blindegardrh@howstuffworks.com,Male,219.31.4.188
991,Bank,Roughsedge,broughsedgeri@alexa.com,Male,156.126.87.181
992,Ramon,Waudby,rwaudbyrj@hp.com,Male,246.243.194.150
993,Sax,Evamy,sevamyrk@cisco.com,Male,32.192.79.241
994,Cindi,Galbreth,cgalbrethrl@sogou.com,Female,251.136.206.43
995,Anabal,Proffer,aprofferrm@mayoclinic.com,Female,105.59.171.67
996,Loren,Stickler,lsticklerrn@businessweek.com,Female,70.156.78.244
997,Andrew,Kiellor,akiellorro@marriott.com,Male,38.229.95.80
998,Joanne,Pressdee,jpressdeerp@pagesperso-orange.fr,Female,35.53.77.52
999,Nickie,Neasam,nneasamrq@cornell.edu,Female,141.95.44.99
1000,Audy,Shimony,ashimonyrr@odnoklassniki.ru,Female,181.141.185.149
